id,name,model_id:id,group_id:id,perm_read,perm_write,perm_create,perm_unlink
access_car_exterior_color_user,car.exterior.color.user,model_car_exterior_color,base.group_user,1,1,1,1
access_car_interior_color_user,car.interior.color.user,model_car_interior_color,base.group_user,1,1,1,1
access_car_lot_image_user,car.lot.image.user,model_car_lot_image,base.group_user,1,1,1,1
access_car_expense_user,car.expense.user,model_car_expense,base.group_user,1,1,1,1
access_car_location_history_user,car.location.history.user,model_car_location_history,base.group_user,1,0,0,0
access_car_audit_log_user,car.audit.log.user,model_car_audit_log,base.group_user,1,0,0,0
access_car_test_drive_user,car.test.drive.user,model_car_test_drive,base.group_user,1,1,1,1
access_car_transfer_wizard_user,car.transfer.wizard.user,model_car_transfer_wizard,base.group_user,1,1,1,1
access_baroon_dealership_dashboard_user,baroon.dealership.dashboard.user,model_baroon_dealership_dashboard,base.group_user,1,1,1,1
